city,country,population,population_rank,continent,Area (sq mile),area_rank,GDP per capita (USD),GDP_rank
Mogadishu,Somalia,2120000,2,Africa,35,3,118,4
Gitega,Burundi,135467,3,Africa,8.49,4,286,4
Maputo,Mozambique,1191613,2,Africa,134.24,3,449,4
Antananarivo,Madagascar,2610000,2,Africa,34,3,470,4
Freetown,Sierra Leone,951000,3,Africa,31.46,3,475,4
Bangui,Central African Republic,889231,3,Africa,26,3,481,4
Monrovia,Liberia,1021762,2,Africa,75,3,491,4
Kinshasa,Congo (Kinshasa),15056000,1,Africa,200,2,506,4
Kabul,Afghanistan,4273156,2,Asia,106,3,508,4
Niamey,Niger,1026848,2,Africa,92.39,3,568,4
Asmara,Eritrea,963000,3,Africa,17.37,4,588,4
Lilongwe,Malawi,781538,3,Africa,281,2,615,4
Pyongyang,North Korea,2863000,2,Asia,772.2,1,618,4
Bissau,Guinea-Bissau,395954,3,Africa,29.9,3,668,4
N'Djamena,Chad,1092066,2,Africa,40,3,679,4
Banjul,The Gambia,31356,4,Africa,5,4,757,4
Kigali,Rwanda,1156663,2,Africa,281.8,2,798,4
Ouagadougou,Burkina Faso,2453496,2,Africa,"1,083.02",1,831,4
Dushanbe,Tajikistan,778500,3,Asia,48.1,3,838,4
Addis Ababa,Ethiopia,3041002,2,Africa,203,2,840,4
Kampala,Uganda,1659600,2,Africa,73,3,846,4
Bamako,Mali,2009109,2,Africa,94.6,3,856,4
Lome,Togo,837437,3,Africa,38.28,3,863,4
Damascus,Syria,1754000,2,Asia,40.5,3,890,4
Sanaa,Yemen,2957000,2,Asia,49,3,937,4
Lusaka,Zambia,1742979,2,Africa,161,2,985,4
Maseru,Lesotho,330790,3,Africa,53,3,"1,061",4
Dodoma,Tanzania,410956,3,Africa,995,1,"1,115",4
Kathmandu,Nepal,975453,3,Asia,19.09,4,"1,135",4
Islamabad,Pakistan,1014825,2,Asia,84.92,3,"1,167",4
Conakry,Guinea,1667864,2,Africa,173,2,"1,179",4
Bishkek,Kyrgyzstan,1053900,2,Asia,65.6,3,"1,186",4
Porto-Novo,Benin,300000,3,Africa,42.47,3,"1,254",4
Naypyidaw,Myanmar,640000,3,Asia,"2,724",1,"1,292",4
Port-au-Prince,Haiti,987310,3,North America,13.92,4,"1,360",4
Khartoum,Sudan,6017000,1,Africa,"8,549",1,"1,415",4
Moroni,Comoros,111329,3,Africa,11.58,4,"1,421",4
Juba,South Sudan,372410,3,Africa,20,4,"1,421",4
Dili,Timor-Leste,222323,3,Asia,18.64,4,"1,443",4
Dakar,Senegal,1146053,2,Africa,32,3,"1,458",4
Harare,Zimbabwe,2150000,2,Africa,370.9,2,"1,466",4
Yaounde,Cameroon,2440462,2,Africa,70,3,"1,502",4
Phnom Penh,Cambodia,2129371,2,Asia,262,2,"1,513",4
Tarawa,Kiribati,28802,4,Oceania,193.05,2,"1,515",4
Nouakchott,Mauritania,1077169,2,Africa,400,2,"1,702",4
Tashkent,Uzbekistan,2497900,2,Asia,129.3,3,"1,724",4
Brazzaville,Congo,1827000,2,Africa,101.9,3,"1,830",4
Nairobi,Kenya,5545000,1,Africa,269,2,"1,879",4
Luanda,Angola,8883000,1,Africa,45,3,"1,896",4
Managua,Nicaragua,1028808,2,North America,103.15,3,"1,905",4
New Delhi,India,30291000,1,Asia,16.5,4,"1,931",4
Dhaka,Bangladesh,16839000,1,Asia,118,3,"2,001",3
Abuja,Nigeria,1235880,2,Africa,275,2,"2,085",3
Sao Tome,Sao Tome And Principe,56166,4,Africa,6.56,4,"2,174",3
Accra,Ghana,2291352,2,Africa,67,3,"2,206",3
Honiara,Solomon Islands,84520,4,Oceania,8.49,4,"2,251",3
Yamoussoukro,Cote d'Ivoire,259373,3,Africa,"1,350",1,"2,318",3
Tegucigalpa,Honduras,1126534,2,North America,580,1,"2,406",3
Vientiane,Laos,948487,3,Asia,50,3,"2,623",3
Port Moresby,Papua New Guinea,317374,3,Oceania,92.66,3,"2,640",3
Port-Vila,Vanuatu,51437,4,Oceania,9.1,4,"2,783",3
Hanoi,Vietnam,8246600,1,Asia,"1,296.80",1,"2,786",3
Chisinau,Moldova,639000,3,Europe,47,3,"2,954",3
Praia,Cabo Verde,127832,3,Africa,39.6,3,"3,064",3
Rabat,Morocco,572717,3,Africa,45.17,3,"3,108",3
La Paz,Bolivia,1882000,2,South America,182,2,"3,133",3
Thimphu,Bhutan,104000,3,Asia,10.1,4,"3,218",3
Manila,Philippines,23971000,1,Asia,16.56,4,"3,299",3
Mbabane,Swaziland,94874,4,Africa,31.57,3,"3,306",3
Tunis,Tunisia,1056247,2,Africa,82.1,3,"3,318",3
Algiers,Algeria,3415811,2,Africa,140,3,"3,368",3
Djibouti,Djibouti,562000,3,Africa,10,4,"3,465",3
Palikir,Federated States of Micronesia,6227,4,Oceania,41.47,3,"3,500",3
Kyiv,Ukraine,2963199,2,Europe,324,2,"3,557",3
Cairo,Egypt,19787000,1,Africa,"1,191.17",1,"3,609",3
Caracas,Venezuela,1943901,2,South America,167,2,"3,740",3
Sri Jayawardenepura Kotte,Sri Lanka,115826,3,Asia,6.56,4,"3,768",3
San Salvador,El Salvador,567698,3,North America,27.9,3,"3,799",3
Jakarta,Indonesia,35362000,1,Asia,255.7,2,"3,870",3
Apia,Samoa,37708,4,Oceania,47.8,3,"3,890",3
Tbilisi,Georgia,1118035,2,Europe,194.7,2,"3,984",3
Belmopan,Belize,17222,4,North America,12.66,4,"3,988",3
Ulaanbaatar,Mongolia,1396288,2,Asia,"1,816.30",1,"4,007",3
Majuro,Marshall Islands,30000,4,Oceania,3.7,4,"4,130",3
Baghdad,Iraq,6107000,1,Asia,260,2,"4,146",3
Baku,Azerbaijan,2181800,2,Asia,830,1,"4,202",3
Windhoek,Namibia,322500,3,Africa,"1,982",1,"4,215",3
Tripoli,Libya,1126000,2,Africa,582,1,"4,243",3
Yerevan,Armenia,1075800,2,Europe,86,3,"4,266",3
Amman,Jordan,4007526,2,Asia,650,1,"4,283",3
Guatemala City,Guatemala,2934841,2,North America,84.92,3,"4,332",3
Pristina,Kosovo,"1,770,000",2,Europe,221,2,"4,368",3
Nuku`alofa,Tonga,23221,4,Oceania,4,4,"4,646",3
Funafuti,Tuvalu,6025,4,Oceania,0.9,4,"4,648",3
Kingston,Jamaica,580000,3,North America,185,2,"4,665",3
Asuncion,Paraguay,524190,3,South America,45.17,3,"4,950",3
Suva,Fiji,88271,4,Oceania,26.24,3,"5,013",3
Pretoria,South Africa,741651,3,Africa,265.46,2,"5,094",3
Tirana,Albania,418495,3,Europe,16.1,4,"5,181",3
Bogota,Colombia,7743955,1,South America,613,1,"5,333",3
Quito,Ecuador,2011388,2,South America,143.78,3,"5,600",3
Skopje,Macedonia,640000,3,Europe,130.43,3,"5,886",3
Sarajevo,Bosnia And Herzegovina,275524,3,Europe,54.6,3,"6,035",3
Lima,Peru,8992000,1,South America,300,2,"6,163",3
Minsk,Belarus,2009786,2,Europe,158.1,2,"6,377",3
Gaborone,Botswana,231626,3,Africa,65,3,"6,711",3
Libreville,Gabon,797003,3,Africa,25.26,3,"6,789",3
Brasilia,Brazil,3015268,2,South America,"2,240",1,"6,797",3
Male,Maldives,133019,3,Africa,0.75,4,"6,924",3
Georgetown,Guyana,200500,3,South America,27.02,3,"6,956",3
Paramaribo,Suriname,223757,3,South America,70.27,3,"7,023",3
Roseau,Dominica,16582,4,North America,4,4,"7,038",3
Ashgabat,Turkmenistan,19426,4,Asia,170,2,"7,104",3
Malabo,Equatorial Guinea,187302,3,Africa,8.1,4,"7,143",3
Bangkok,Thailand,17573000,1,Asia,605.693,1,"7,189",3
Santo Domingo,Dominican Republic,2581827,2,North America,40.32,3,"7,268",3
Kingstown,Saint Vincent And The Grenadines,25000,4,North America,4,4,"7,298",3
Podgorica,Montenegro,174515,3,Europe,42,3,"7,626",3
Belgrade,Serbia,1378682,2,Europe,139,3,"7,656",3
Mexico City,Mexico,21505000,1,North America,573,1,"8,326",3
Buenos Aires,Argentina,16216000,1,South America,78,3,"8,476",3
Ankara,Turkey,77168,4,Asia,"9,468",1,"8,538",3
Port Louis,Mauritius,149194,3,Africa,18,4,"8,587",3
Castries,Saint Lucia,70000,4,North America,30.5,3,"8,805",3
Nur-Sultan,Kazakhstan,1078362,2,Asia,312.8,2,"9,111",3
Saint George's,Grenada,4315,4,North America,26,3,"9,273",3
Beirut,Lebanon,361366,3,Asia,7.6,4,"9,310",3
Havana,Cuba,2141652,2,North America,281.18,2,"9,478",3
Sofia,Bulgaria,1277411,2,Europe,189,2,"10,058",2
Moscow,Russia,17693000,1,Europe,970,1,"10,166",2
Beijing,China,19437000,1,Asia,"6,336",1,"10,229",2
Kuala Lumpur,Malaysia,8639000,1,Asia,94,3,"10,402",2
Victoria,Seychelles,26450,4,Africa,7.8,4,"10,767",2
Tehran,Iran,13819000,1,Asia,463.32,2,"11,183",2
San Jose,Costa Rica,288054,3,North America,17.23,4,"12,077",2
Panama City,Panama,880691,3,North America,106,3,"12,269",2
Muscat,Oman,1421409,2,Asia,105.8,3,"12,409",2
Yaren,Nauru,13000,4,Oceania,0.6,4,"12,510",2
Bucharest,Romania,1883425,2,Europe,88,3,"12,929",2
Santiago,Chile,7026000,1,South America,247.6,2,"13,232",2
Zagreb,Croatia,790017,3,Europe,247.6,2,"13,934",2
Saint John's,Antigua And Barbuda,21926,4,North America,4,4,"13,993",2
Ngerulmud,Palau,271,4,Oceania,4,4,"14,567",2
Port of Spain,Trinidad And Tobago,37074,4,South America,5,4,"15,286",2
Montevideo,Uruguay,1319108,2,South America,77.5,3,"15,438",2
Bridgetown,Barbados,110000,3,North America,15.444,4,"15,449",2
Warsaw,Poland,1790658,2,Europe,199.71,2,"15,764",2
Budapest,Hungary,1723836,2,Europe,202.8,2,"16,129",2
Basseterre,Saint Kitts And Nevis,13220,4,North America,2.35,4,"17,434",2
Riga,Latvia,614618,3,Europe,125,3,"17,871",2
Athens,Greece,664046,3,Europe,15.044,4,"18,117",2
Bratislava,Slovakia,475503,3,Europe,141.925,3,"19,264",2
Manama,Bahrain,157474,3,Asia,11.58,4,"19,925",2
Riyadh,Saudi Arabia,6889000,1,Asia,739,1,"20,110",2
Vilnius,Lithuania,574147,3,Europe,155,2,"20,772",2
Vatican City,Vatican City,825,4,Europe,0.17,4,"21,198",2
Lisbon,Portugal,506654,3,Europe,38.63,3,"22,413",2
Prague,Czechia,1335084,2,Europe,192,2,"22,911",2
Tallinn,Estonia,438341,3,Europe,61.5,3,"23,106",2
Kuwait City,Kuwait,2989000,2,Asia,77.2,3,"24,809",2
Nassau,Bahamas,274400,3,North America,80,3,"25,194",2
Ljubljana,Slovenia,286745,3,Europe,63.2,3,"25,777",2
Madrid,Spain,6006000,1,Europe,233.33,2,"27,409",2
Bandar Seri Begawan,Brunei,50000,4,Asia,38.75,3,"27,437",2
Nicosia,Cyprus,330000,3,Europe,19.71,4,"28,133",2
Rome,Italy,2872800,2,Europe,500,1,"31,238",1
Seoul,South Korea,22394000,1,Asia,233.67,2,"31,947",1
Valletta,Malta,6444,4,Europe,0.24,4,"33,771",1
Abu Dhabi,United Arab Emirates,1483000,2,Asia,818,1,"36,285",1
Andorra la Vella,Andorra,22615,4,Europe,5,4,"37,072",1
Paris,France,11027000,1,Europe,105.4,3,"38,959",1
Tokyo,Japan,39105000,1,Asia,847.14,1,"39,990",1
London,United Kingdom,11120000,1,Europe,607,1,"40,718",1
Ottawa,Canada,989567,3,North America,"1,077.34",1,"43,560",1
Wellington,New Zealand,418500,3,Oceania,171,2,"43,972",1
Brussels,Belgium,1743000,2,Europe,12.59,4,"45,028",1
San Marino,San Marino,4040,4,Europe,2.74,4,"45,832",1
Berlin,Germany,3664088,2,Europe,344.1,2,"45,909",1
Jerusalem,Israel,919438,3,Asia,48.323,3,"47,034",1
Vienna,Austria,1911191,2,Europe,160.15,2,"48,106",1
Helsinki,Finland,642045,3,Europe,276.25,2,"48,685",1
Doha,Qatar,1186023,2,Asia,51,3,"50,815",1
Amsterdam,Netherlands,862965,3,Europe,84.68,3,"53,334",1
Stockholm,Sweden,975819,3,Europe,72.5,3,"53,575",1
Canberra,Australia,381488,3,Oceania,314.4,2,"55,823",1
Singapore,Singapore,5271000,1,Asia,280.2,2,"58,114",1
Copenhagen,Denmark,1085000,2,Europe,69.4,3,"61,477",1
Washington,United States,5379184,1,North America,68.34,3,"63,123",1
Reykjavik,Iceland,128793,3,Europe,105,3,"63,644",1
Oslo,Norway,693494,3,Europe,185.62,2,"66,871",1
Dublin,Ireland,553165,3,Europe,44,3,"86,251",1
Bern,Switzerland,133798,3,Europe,19.93,4,"86,919",1
Luxembourg,Luxembourg,128512,3,Europe,19.87,4,"117,182",1
Monaco,Monaco,36371,4,Europe,0.81,4,"173,696",1
Vaduz,Liechtenstein,5668,4,Europe,6.7,4,"180,227",1